{
  "mobilenet_v3_small": 0.9230620906118455,
  "resnet101": 0.8998252936270762,
  "resnet18": 0.9752476457012934,
  "resnet34": 0.9357343937410002,
  "resnet50": 0.9026136572907385,
  "vit_b_16": 0.8732217597176676
}