{
  "mobilenet_v3_small": [
    238.77329198876396,
    111.20195803232491,
    167.38137498032302,
    123.28062497545034,
    108.15595899475738,
    121.56716699246317,
    121.09183298889548,
    135.28529205359519,
    143.599791044835,
    147.4295830121264,
    76.86695898883045,
    69.06599999638274,
    152.59395801695064,
    81.11220796126872,
    253.55204101651907,
    65.44337497325614,
    69.68362501356751,
    95.23441595956683,
    137.92120903963223,
    64.10766701446846,
    130.88220899226144,
    118.17249999148771,
    128.36675002472475,
    99.67412502737716,
    84.7903749672696,
    101.80979099823162,
    135.26562496554106,
    202.1364169777371,
    90.12516704387963,
    73.50662496173754,
    107.58616600651294,
    78.96629197057337
  ],
  "resnet18": [
    160.2949170046486,
    229.01466698385775,
    132.26774998474866,
    120.63387501984835,
    151.23745799064636,
    104.98916602227837,
    152.5096669793129,
    90.48341697780415,
    210.76937502948567,
    114.31737494422123,
    117.13287502061576,
    94.09104200312868,
    187.37720797071233,
    97.8221669793129,
    610.6677500065416,
    122.99779098248109,
    86.68283402221277,
    81.99745899764821,
    123.77395899966359,
    123.41758300317451,
    101.0867910226807,
    351.12716600997373,
    178.61633299617097,
    101.12324997317046,
    100.61433399096131,
    129.273040976841,
    130.79358299728483,
    200.86487499065697,
    148.45416595926508,
    131.66987500153482,
    129.84437495470047,
    103.49287500139326
  ],
  "resnet34": [
    254.84770897310227,
    234.07333303475752,
    263.7528330087662,
    191.63791596656665,
    144.72133398521692,
    159.52845802530646,
    165.0275830179453,
    164.34691700851545,
    153.43254199251533,
    122.85329203587025,
    185.54679199587554,
    122.47758300509304,
    220.43616598239169,
    127.9687499627471,
    341.36737504741177,
    130.6290830252692,
    117.29075002949685,
    142.89741701213643,
    153.81679096026346,
    137.39116699434817,
    130.82366698654369,
    421.6939159668982,
    216.82437497656792,
    136.34412497049198,
    101.94933298043907,
    157.11841703159735,
    210.19612503005192,
    146.39566699042916,
    125.1631670165807,
    191.37787498766556,
    163.43766602221876,
    215.05320799769834
  ],
  "resnet50": [
    471.08474996639416,
    298.1622079969384,
    292.2772919991985,
    257.8457919880748,
    148.44674995401874,
    207.89541699923575,
    316.3279159925878,
    304.8902089940384,
    386.3165419897996,
    195.85883303079754,
    210.11766599258408,
    191.1335830227472,
    215.62041697325185,
    251.55629200162366,
    212.62808301253244,
    202.59916700888425,
    184.6681660390459,
    201.70229201903567,
    220.42000002693385,
    207.06445898395032,
    498.9609160111286,
    217.21637499285862,
    297.43387503549457,
    190.18816604511812,
    182.75108298985288,
    210.63366602174938,
    263.43166700098664,
    339.1342080431059,
    386.4115420146845,
    263.0885829566978,
    244.9262500158511,
    272.5861250073649
  ],
  "resnet101": [
    981.2960409908555,
    830.1275830017403,
    849.9465839704499,
    1221.1879169917665,
    1244.2654999904335,
    914.4005000125617,
    957.011665974278,
    335.0877499906346,
    400.12666600523517,
    445.9270000224933,
    1167.5723749794997,
    1319.8514580144547,
    857.6273329672404,
    303.3366249874234,
    1246.155709028244,
    1040.9256250131875,
    288.1170000182465,
    357.6555410400033,
    1044.9261670000851,
    310.15199999092147,
    616.4847919717431,
    955.3529580007307,
    476.8833339912817,
    325.0278750201687,
    1038.3736249641515,
    1083.1954999594018,
    1158.0831660539843,
    912.4027919606306,
    355.0595419947058,
    332.1315419743769,
    326.10729202860966,
    525.3552499925718
  ],
  "vit_b_16": [
    343.3668329962529,
    214.9027080158703,
    200.75887499842793,
    251.50595896411687,
    353.83012500824407,
    267.25625002291054,
    223.30829198472202,
    240.3898750199005,
    250.23125001462176,
    213.61195802455768,
    225.70704098325223,
    324.7931659570895,
    234.46470900671557,
    258.617166953627,
    266.5789169841446,
    237.8442079643719,
    224.55370903480798,
    274.538541038055,
    199.76316700922325,
    231.53166699921712,
    280.4052499704994,
    495.3033750061877,
    243.69545903755352,
    472.02008398016915,
    206.29324996843934,
    207.78945897473022,
    241.74154101638123,
    265.7527079572901,
    237.26154101314023,
    208.43837497523054,
    227.07112500211224,
    209.5850000041537
  ]
}