{
  "resnet18": [
    0.12074767798185349
  ],
  "resnet50": [
    0.15770979225635529
  ],
  "mobilenet_v3_small": [
    0.42032724618911743
  ],
  "resnet34": [
    0.37908849120140076
  ],
  "vit_b_16": [
    0.5974785089492798
  ],
  "resnet101": [
    0.21981282532215118
  ]
}