{
  "resnet18": [
    11089.376917108893
  ],
  "resnet50": [
    11843.248582910746
  ],
  "mobilenet_v3_small": [
    13238.352125044912
  ],
  "resnet34": [
    15912.011082749814
  ],
  "vit_b_16": [
    17039.088582620025
  ],
  "resnet101": [
    17990.555833093822
  ]
}