{
  "mobilenet_v3_small": [
    0.42032724618911743,
    0.7795629501342773,
    0.5144241452217102,
    0.5161706805229187,
    0.6760417222976685,
    0.32671135663986206,
    0.4751219153404236,
    0.49903762340545654,
    0.6691244840621948,
    0.7005234360694885,
    0.27099546790122986,
    0.6306502223014832,
    0.6181032657623291,
    0.9988184571266174,
    0.5115376114845276,
    0.2135039120912552,
    0.9713721871376038,
    0.20260722935199738,
    0.6574797034263611,
    0.5146822333335876,
    0.17255505919456482,
    0.7814942002296448,
    0.9444882273674011,
    0.3631676733493805,
    0.22151052951812744,
    0.25676095485687256,
    0.42322641611099243,
    0.7702409029006958,
    0.8674719929695129,
    0.46649083495140076,
    0.5202985405921936,
    0.35694795846939087
  ],
  "resnet18": [
    0.12074767798185349,
    0.6667813658714294,
    0.6782235503196716,
    0.7033253312110901,
    0.6454872488975525,
    0.3615399897098541,
    0.3925269544124603,
    0.28573277592658997,
    0.5597683191299438,
    0.5409145951271057,
    0.3803865909576416,
    0.12095705419778824,
    0.4519040882587433,
    0.9910780191421509,
    0.1830163598060608,
    0.2906784415245056,
    0.6009851098060608,
    0.10662926733493805,
    0.5565610527992249,
    0.4609341621398926,
    0.733278751373291,
    0.7972655892372131,
    0.6019282341003418,
    0.47990554571151733,
    0.4227374196052551,
    0.39713624119758606,
    0.20418784022331238,
    0.6418639421463013,
    0.7639137506484985,
    0.2757394313812256,
    0.28586554527282715,
    0.3550000786781311
  ],
  "resnet34": [
    0.37908849120140076,
    0.5677878856658936,
    0.49774983525276184,
    0.44944992661476135,
    0.5710992813110352,
    0.39233434200286865,
    0.32502520084381104,
    0.4371570646762848,
    0.7251167893409729,
    0.5181869864463806,
    0.42897650599479675,
    0.7424005270004272,
    0.7118415832519531,
    0.9788706302642822,
    0.17666839063167572,
    0.342405766248703,
    0.8839725852012634,
    0.22268740832805634,
    0.6253455877304077,
    0.48016202449798584,
    0.24444909393787384,
    0.29875612258911133,
    0.525990903377533,
    0.33663037419319153,
    0.2814144194126129,
    0.4498283267021179,
    0.15128971636295319,
    0.3449910581111908,
    0.7016661167144775,
    0.21714508533477783,
    0.4872771203517914,
    0.22801154851913452
  ],
  "resnet50": [
    0.14364208281040192,
    0.8038908839225769,
    0.687372088432312,
    0.4516878128051758,
    0.647255539894104,
    0.22446425259113312,
    0.6020471453666687,
    0.20877008140087128,
    0.6970381736755371,
    0.6451385617256165,
    0.3773762285709381,
    0.4456719160079956,
    0.6871165037155151,
    0.8213422894477844,
    0.2224646508693695,
    0.36224332451820374,
    0.9039484262466431,
    0.35967913269996643,
    0.548637330532074,
    0.6122617721557617,
    0.25341564416885376,
    0.588378369808197,
    0.3734811544418335,
    0.45187318325042725,
    0.1691950559616089,
    0.1939246952533722,
    0.15857316553592682,
    0.42281243205070496,
    0.5722185373306274,
    0.625103771686554,
    0.49440160393714905,
    0.38272178173065186
  ],
  "resnet101": [
    0.35453829169273376,
    0.7980237007141113,
    0.6103320121765137,
    0.532414972782135,
    0.625039279460907,
    0.2525050640106201,
    0.49475741386413574,
    0.36021846532821655,
    0.7402802109718323,
    0.5645697116851807,
    0.42582714557647705,
    0.4875204861164093,
    0.581164538860321,
    0.9613668918609619,
    0.3267304003238678,
    0.4384514391422272,
    0.9974161386489868,
    0.5157163143157959,
    0.8208710551261902,
    0.568047285079956,
    0.3427966237068176,
    0.5951988697052002,
    0.41631126403808594,
    0.5473839640617371,
    0.36276838183403015,
    0.20265628397464752,
    0.14848455786705017,
    0.49964439868927,
    0.8073719143867493,
    0.4406524896621704,
    0.4055160880088806,
    0.22422264516353607
  ],
  "vit_b_16": [
    0.5974785089492798,
    0.681045651435852,
    0.32209745049476624,
    0.7019621729850769,
    0.6968878507614136,
    0.4452887177467346,
    0.5881709456443787,
    0.525931715965271,
    0.44167274236679077,
    0.45763519406318665,
    0.6321508288383484,
    0.13659004867076874,
    0.5501223206520081,
    0.902348518371582,
    0.8391088247299194,
    0.5311546921730042,
    0.9012526273727417,
    0.3539229929447174,
    0.8132146000862122,
    0.5604921579360962,
    0.34143972396850586,
    0.46100205183029175,
    0.8925465941429138,
    0.45072993636131287,
    0.8114794492721558,
    0.3778676688671112,
    0.1509663462638855,
    0.5568699836730957,
    0.6843553781509399,
    0.381041556596756,
    0.6300757527351379,
    0.4851270318031311
  ]
}