{
  "mobilenet_v3_small": [
    321.8790839891881,
    53.14300001191441,
    95.7347090006806,
    113.37062501115724,
    76.10362500417978,
    67.91879200318363,
    68.71929200133309,
    79.12658299028408,
    94.21500000462402,
    96.61829200922512,
    74.86933399923146,
    85.07825000560842,
    104.25845799909439,
    88.07608399365563,
    125.98324999271426,
    88.18862499902025,
    77.58070899581071,
    131.74024999898393,
    108.86529099661857,
    128.25087500095833,
    77.49987501301803,
    105.9711249981774,
    67.18112500675488,
    63.111958996159956,
    63.79416599520482,
    154.5152080070693,
    58.468875009566545,
    86.41962498950306,
    163.27849999652244,
    64.75912500172853,
    131.7913749953732,
    69.58537500759121
  ],
  "resnet18": [
    59.08829200780019,
    105.75662499468308,
    100.72895800112747,
    147.16300000145566,
    127.42258299840614,
    121.27533300372306,
    127.09287500183564,
    115.93391600763425,
    116.81429200689308,
    135.6320000049891,
    119.38162500155158,
    113.98049999843352,
    118.46133301150985,
    131.25433398818132,
    141.0306670004502,
    116.27620800572913,
    118.87579200265463,
    149.58591600588989,
    165.20554199814796,
    142.15316700574476,
    125.60420800582506,
    157.88870899996255,
    144.7266659961315,
    123.81299999833573,
    65.55233299150132,
    162.96849999343976,
    116.67512499843724,
    121.15741599700414,
    133.91487499757204,
    116.15754099329934,
    288.1856249878183,
    156.77037500427105
  ],
  "resnet34": [
    222.79533300024923,
    146.89579200057779,
    224.19358299521264,
    532.2206249984447,
    99.02020900335629,
    157.760459012934,
    161.4754579932196,
    165.39845798979513,
    150.51591700466815,
    196.64374999410938,
    208.8824160018703,
    143.07345799170434,
    168.51758300617803,
    169.15300000982825,
    186.90349999815226,
    155.02833398932125,
    258.87604198942427,
    193.5548750043381,
    179.08074999286328,
    246.07337499037385,
    161.92683299595956,
    162.35274999053217,
    107.11700000683777,
    199.00554200285114,
    204.52558300166856,
    213.57375000661705,
    163.67758400156163,
    234.97216698888224,
    233.59433299629018,
    167.69387500244193,
    223.40983399772085,
    149.08341600676067
  ],
  "resnet50": [
    267.9319580056472,
    409.57749998779036,
    266.0821669996949,
    250.74383299215697,
    498.79720801254734,
    216.09654200437944,
    242.05204199824948,
    242.28912500257138,
    202.94079200539272,
    272.3668329999782,
    269.15895799174905,
    191.941166005563,
    217.5086250063032,
    205.58895799331367,
    257.10575000266545,
    205.17145800113212,
    257.44062500598375,
    236.87158299435396,
    225.76562500034925,
    239.2595419951249,
    208.20991598884575,
    289.8010419885395,
    233.7333750037942,
    208.90966699516866,
    251.31200000760145,
    284.441333002178,
    220.86908300116193,
    292.6575830060756,
    567.7122920023976,
    214.16754100937396,
    343.9758750027977,
    241.5576249914011
  ],
  "resnet101": [
    895.4333750007208,
    1011.2721659970703,
    292.70383300899994,
    485.5650829995284,
    952.9652500059456,
    1127.1914590033703,
    323.3222080016276,
    305.4868750041351,
    1025.1086670032237,
    312.0870419952553,
    937.0901660004165,
    1098.2732919947011,
    1079.6440419944702,
    1081.6048330016201,
    1085.0225419999333,
    254.07608298701234,
    1071.0366249986691,
    1079.799915998592,
    233.42095800035167,
    825.0154579873197,
    268.4948340029223,
    953.192749992013,
    281.90649999305606,
    1058.7459590024082,
    244.35562499274965,
    713.1692920083879,
    260.7928749930579,
    297.15816701354925,
    887.4356250016717,
    1136.8843329983065,
    735.9818749973783,
    268.5691670048982
  ],
  "vit_b_16": [
    184.71416700049303,
    193.0490840022685,
    306.9370000011986,
    231.0589160042582,
    318.5200000007171,
    942.1050829987507,
    196.35300000663847,
    502.3485830024583,
    220.60629200132098,
    202.34604200231843,
    234.27091700432356,
    255.8687499986263,
    334.76870799495373,
    197.5620839948533,
    193.5233339900151,
    190.75870799133554,
    204.9316660122713,
    217.84795800340362,
    264.2189589969348,
    213.38383300462738,
    245.99458399461582,
    222.08862499974202,
    307.1658329863567,
    256.260124995606,
    362.1890829963377,
    191.96741600171663,
    198.18875000055414,
    805.503374998807,
    242.58329199801665,
    333.09524999640416,
    256.92324999545235,
    408.47887500422075
  ]
}